{"cameraMode":{"drawMode":0,"name":"Shaded","section":"Shading Mode"},"sceneLighting":true,"audioPlay":false,"sceneViewState":{"m_AlwaysRefresh":false,"showFog":true,"showSkybox":true,"showFlares":true,"showImageEffects":true,"showParticleSystems":true,"showVisualEffectGraphs":true,"m_FxEnabled":true},"in2DMode":false,"pivot":{"x":-1.2838811874389649,"y":1.954357385635376,"z":1.3209056854248047},"rotation":{"x":0.09080257266759873,"y":0.7863428592681885,"z":-0.11907506734132767,"w":0.5993941426277161},"size":1.7529715299606324,"orthographic":false}